{
  "accuracy": 0.8883071553228621,
  "feature_count": 3370,
  "training_date": "2025-12-23T11:17:29.843024"
}